{"cameraMode":{"drawMode":0,"name":"Shaded","section":"Shading Mode"},"sceneLighting":true,"audioPlay":false,"sceneViewState":{"m_AlwaysRefresh":false,"showFog":true,"showSkybox":true,"showFlares":true,"showImageEffects":true,"showParticleSystems":true,"showVisualEffectGraphs":true,"m_FxEnabled":true},"in2DMode":false,"pivot":{"x":1.5458133220672608,"y":-0.9082846641540527,"z":-0.648277997970581},"rotation":{"x":0.000694524496793747,"y":-0.9969701170921326,"z":-0.008973106741905213,"w":-0.07732760906219483},"size":166.52871704101563,"orthographic":true}