{"cameraMode":{"drawMode":0,"name":"Shaded","section":"Shading Mode"},"sceneLighting":true,"audioPlay":false,"sceneViewState":{"m_AlwaysRefresh":false,"showFog":true,"showSkybox":true,"showFlares":true,"showImageEffects":true,"showParticleSystems":true,"showVisualEffectGraphs":true,"m_FxEnabled":true},"in2DMode":false,"pivot":{"x":0.7915420532226563,"y":-0.46413421630859377,"z":0.16015291213989259},"rotation":{"x":0.1943659782409668,"y":-0.4645673930644989,"z":0.10530067980289459,"w":0.8575044274330139},"size":5.329617500305176,"orthographic":false}