{"cameraMode":{"drawMode":0,"name":"Shaded","section":"Shading Mode"},"sceneLighting":true,"audioPlay":false,"sceneViewState":{"m_AlwaysRefresh":false,"showFog":true,"showSkybox":true,"showFlares":true,"showImageEffects":true,"showParticleSystems":true,"showVisualEffectGraphs":true,"m_FxEnabled":true},"in2DMode":false,"pivot":{"x":-0.16842001676559449,"y":0.303763747215271,"z":-2.0349016189575197},"rotation":{"x":0.011349991895258427,"y":0.09136652946472168,"z":-0.0010410596150904894,"w":0.9957540035247803},"size":6.090798854827881,"orthographic":true}